{
    "Langue": "Français",
    "Questions": [
        {
            "Intitulé": "﻿Quel youtubeur a le plus d'abonné ?",
            "Difficulté": 0,
            "Réponses": [
                "Mister V",
                "Fuze III",
                "Furious Jumper",
                "OuahLeOuff"
            ]
        },
        {
            "Intitulé": "Quel est le jeu vidéo le plus joué en 2022 ?",
            "Difficulté": 0,
            "Réponses": [
                "Minecraft",
                "League of Legend",
                "Grand Theft Auto 5",
                "Apex Legends"
            ]
        },
        {
            "Intitulé": "Parmi ces consoles, laquelle est la plus chère ?",
            "Difficulté": 0,
            "Réponses": [
                "Play Station 4",
                "Nintendo Switch",
                "Wii U",
                "Nintendo 3DS XL"
            ]
        },
        {
            "Intitulé": "Quel est le plus vaste Empire de l'histoire ?",
            "Difficulté": 0,
            "Réponses": [
                "l'Empire Mongol",
                "l'Empire Romain",
                "le Saint-Empire-Romain-Germanique",
                "l'Empire Arabe"
            ]
        },
        {
            "Intitulé": "Quelle peintre se coupa l'oreille ?",
            "Difficulté": 0,
            "Réponses": [
                "Van Gogh",
                "Dalì",
                "Leonard de Vinci",
                "Picasso"
            ]
        },
        {
            "Intitulé": "Lequel de ces joueurs est Slovène ?",
            "Difficulté": 0,
            "Réponses": [
                "Jan Oblak",
                "Ferenc Puskas",
                "Burak Yilmaz",
                "Erling Haaland"
            ]
        },
        {
            "Intitulé": "Lequel de ces bois et blanc ?",
            "Difficulté": 0,
            "Réponses": [
                "Bouleau",
                "Acaccia",
                "Pin",
                "Chêne"
            ]
        },
        {
            "Intitulé": "Lequel de ces streamers fait du Minecraft ?",
            "Difficulté": 0,
            "Réponses": [
                "TheGuill84",
                "Ponce",
                "Jeels Tv",
                "Skyyart"
            ]
        },
        {
            "Intitulé": "En quel anné est mort Louis XIV ?",
            "Difficulté": 0,
            "Réponses": [
                "1715",
                "1717",
                "1734",
                "1727"
            ]
        },
        {
            "Intitulé": "Lequel de ces pays est le plus petit ?",
            "Difficulté": 0,
            "Réponses": [
                "le Costa Rica",
                "l'Islande",
                "l'Irelande",
                "le Tchad"
            ]
        },
        {
            "Intitulé": "Quel est le pays qui connait le plus d'homicide sur son territoire par rapport à sa populations ?",
            "Difficulté": 0,
            "Réponses": [
                "le Salvador",
                "le Mozambique",
                "les États-Unis",
                "la Colombie"
            ]
        },
        {
            "Intitulé": "Quel est le record du monde de bébé accouché en même temps ?",
            "Difficulté": 0,
            "Réponses": [
                "10",
                "5",
                "8",
                "7"
            ]
        },
        {
            "Intitulé": "Qui est l'auteur du seigneur des anneaux ?",
            "Difficulté": 0,
            "Réponses": [
                "J.R.R Tolkien",
                "J.K Rowling",
                "Taran Matarhu",
                "Pierce Brown"
            ]
        },
        {
            "Intitulé": "Laquelle des ces couleurs est proche du Zinzolin ?",
            "Difficulté": 0,
            "Réponses": [
                "Violet",
                "Orange",
                "Vert",
                "Rose"
            ]
        },
        {
            "Intitulé": "Combien font 2+2x2 ?",
            "Difficulté": 0,
            "Réponses": [
                "6",
                "8",
                "4",
                "16"
            ]
        },
        {
            "Intitulé": "Qu'elle est la capacité du stade de France ?",
            "Difficulté": 0,
            "Réponses": [
                "81 338",
                "79  456",
                "325 230",
                "24 345"
            ]
        },
        {
            "Intitulé": "En qu'elle est année est sortie le premier Star Wars ?",
            "Difficulté": 0,
            "Réponses": [
                "1977",
                "1988",
                "2003",
                "1973"
            ]
        },
        {
            "Intitulé": "Lequel de ces pays colonisa le Suriname ?",
            "Difficulté": 0,
            "Réponses": [
                "Pays-Bas",
                "Espagne",
                "Bolivie",
                "Royaume-Uni"
            ]
        },
        {
            "Intitulé": "\"Rien ne se perd, rien ne se créer tout se transforme\" de qui vient cette citation ?",
            "Difficulté": 0,
            "Réponses": [
                "Lavoisier",
                "Aristote",
                "Platon",
                "Rousseau"
            ]
        },
        {
            "Intitulé": "Qu'elle est le plus important moteur de recherche ?",
            "Difficulté": 0,
            "Réponses": [
                "Google Chrome",
                "Qwant",
                "Duck Duck Go",
                "Firefox"
            ]
        },
        {
            "Intitulé": "Laquelle de ces marques est française ?",
            "Difficulté": 0,
            "Réponses": [
                "Oasis",
                "Skõda",
                "Vinci",
                "Puma"
            ]
        },
        {
            "Intitulé": "Comment est le drapeau Roumain ?",
            "Difficulté": 0,
            "Réponses": [
                "Bleu, Jaune, Rouge",
                "Noir, Bleu, Rouge",
                "Rouge, Jaune, Bleu",
                "Rouge, Blanc, Rouge"
            ]
        },
        {
            "Intitulé": "Quel est la plus grande de ces îles ?",
            "Difficulté": 0,
            "Réponses": [
                "l'Australie",
                "la Grande-Bretagne",
                "Le Groenland",
                "Madagascar"
            ]
        },
        {
            "Intitulé": "Lequel de ces jeux à été créer par SuperCell ?",
            "Difficulté": 0,
            "Réponses": [
                "Hay Day",
                "Rider",
                "Top Wars",
                "Island Wars"
            ]
        },
        {
            "Intitulé": "où se trouve l'escalier le plus long du monde ?",
            "Difficulté": 0,
            "Réponses": [
                "Suisse",
                "Nepal",
                "Angleterre",
                "Myanmar"
            ]
        },
        {
            "Intitulé": "Qu'elle est la capitale du Kenya ?",
            "Difficulté": 0,
            "Réponses": [
                "Nairobi",
                "Dar Es Salaam",
                "Le Caire",
                "Baku"
            ]
        },
        {
            "Intitulé": "Comment s'orthographie ce mot ?",
            "Difficulté": 0,
            "Réponses": [
                "Chrysalide",
                "Crisalyde",
                "Chrisalyde",
                "Chrysallide"
            ]
        },
        {
            "Intitulé": "Qu'elle est le sport national Indien ?",
            "Difficulté": 0,
            "Réponses": [
                "Cricket",
                "Football",
                "Hockey sur Gazon",
                "Badminton"
            ]
        },
        {
            "Intitulé": "Qui à gagné la première coupe du monde de football en 1930 ?",
            "Difficulté": 0,
            "Réponses": [
                "Uruguay",
                "Argentine",
                "Italie",
                "Chili"
            ]
        },
        {
            "Intitulé": "De qui vient la musique Thriller ?",
            "Difficulté": 0,
            "Réponses": [
                "Michael Jackson",
                "AC/DC",
                "Balavoine",
                "Bob Marley"
            ]
        },
        {
            "Intitulé": "Lequel de ces Tennisman c'est reconverti dans la musique ?",
            "Difficulté": 0,
            "Réponses": [
                "Yanick Noah",
                "Cedric Pioline",
                "Guy Forget",
                "Jo-Wilfried Tsonga"
            ]
        },
        {
            "Intitulé": "Laquelle de ces écuries de F1 à remporté le plus de titre ?",
            "Difficulté": 0,
            "Réponses": [
                "Ferrari",
                "Haas",
                "Mc Laren",
                "Alpine"
            ]
        },
        {
            "Intitulé": "Quel est l'auteur du manga Naruto ?",
            "Difficulté": 0,
            "Réponses": [
                "Masashi Kishimoto",
                "Soichiro Yamamoto",
                "Eiichiro Oda",
                "Kaiu Shirai"
            ]
        },
        {
            "Intitulé": "Qu'elle est la décimal suivante 3,14 15 92 65....?",
            "Difficulté": 0,
            "Réponses": [
                "35",
                "32",
                "48",
                "26"
            ]
        },
        {
            "Intitulé": "Qu'elle est le plus haut sommet du monde ?",
            "Difficulté": 0,
            "Réponses": [
                "Mont Everest",
                "Kilimanjaro",
                "Mont Blanc",
                "Mont Mc Kinley"
            ]
        },
        {
            "Intitulé": "Laquelle de ces marques de chaussures ne produit pas de chaussures de sport ?",
            "Difficulté": 0,
            "Réponses": [
                "Converse",
                "Adidas",
                "NewBalance",
                "Asics"
            ]
        },
        {
            "Intitulé": "Lequel de ces continents est le plus vaste ?",
            "Difficulté": 0,
            "Réponses": [
                "Afrique",
                "Amérique du Sud",
                "Europe",
                "Océanie"
            ]
        },
        {
            "Intitulé": "Quel est le numéro de département de l'Oise ?",
            "Difficulté": 0,
            "Réponses": [
                "60",
                "66",
                "62",
                "50"
            ]
        },
        {
            "Intitulé": "En qu'elle année fut achevée la construction de la tour Eiffel ?",
            "Difficulté": 0,
            "Réponses": [
                "1889",
                "1786",
                "1899",
                "1821"
            ]
        },
        {
            "Intitulé": "Qu'elle grade possédé Hitler durant la 2nd guerre mondiale ?",
            "Difficulté": 0,
            "Réponses": [
                "Caporal",
                "Sergent",
                "Amiral",
                "Sergent-Chef"
            ]
        },
        {
            "Intitulé": "À quelle date ont eu lieu les attentats des tours Jumelles de 2001 ?",
            "Difficulté": 0,
            "Réponses": [
                "11 Septembre",
                "14 Juillet",
                "8 Novembre",
                "6 Août"
            ]
        },
        {
            "Intitulé": "Comment s'appelle le réseau précurseur internet ?",
            "Difficulté": 0,
            "Réponses": [
                "Arpanet",
                "Le Minitel",
                "Google",
                "eDonkey"
            ]
        },
        {
            "Intitulé": "Quel est le plus grand port touristique d'Europe ?",
            "Difficulté": 0,
            "Réponses": [
                "Barcelone",
                "Rome",
                "Marseille",
                "Rotterdam"
            ]
        },
        {
            "Intitulé": "Quel est le plus grand producteur pétrolier d'Amérique du Sud ?",
            "Difficulté": 0,
            "Réponses": [
                "Le Venezuela",
                "Le Brésil",
                "Le Pérou",
                "l'Argentine"
            ]
        },
        {
            "Intitulé": "Que signifie les initiales O.T.A.N ?",
            "Difficulté": 0,
            "Réponses": [
                "Organisation du Traité de l'Atlantique Nord",
                "Organisation des Territoires de l'Atlantique Nord",
                "Organisation du Traité de Aoste et Nuremberg",
                "La Réponse D"
            ]
        },
        {
            "Intitulé": "Que signifie les initiales de C.I.A ?",
            "Difficulté": 0,
            "Réponses": [
                "Central Intelligence Agency",
                "Criminal Investigations Administration",
                "Coopérative Internationale des Agriculteurs",
                "Corporation Intelligence America"
            ]
        },
        {
            "Intitulé": "Quel est l'homme le plus riche du monde ?",
            "Difficulté": 0,
            "Réponses": [
                "Elon Musk",
                "Bill Gates",
                "Donald Trump",
                "Bernard Arnault"
            ]
        },
        {
            "Intitulé": "Qu'elle était le pays le plus peuplé de l'Union européenne ?",
            "Difficulté": 0,
            "Réponses": [
                "Allemagne",
                "Ukraine",
                "Suède",
                "France"
            ]
        },
        {
            "Intitulé": "Lequel de ces clubs de football se situe à Londres ?",
            "Difficulté": 0,
            "Réponses": [
                "Fulham",
                "Brentford",
                "Norwich City",
                "Manchester City"
            ]
        },
        {
            "Intitulé": "Quel est le seul club français à avoir gagner la Ligue des Champions ?",
            "Difficulté": 0,
            "Réponses": [
                "l'Olympique de Marseille",
                "l'Olympique Lyonnais",
                "le Paris-Saint-Germain",
                "le Stade de Reims"
            ]
        },
        {
            "Intitulé": "Comment s'orthographie ce mot ?",
            "Difficulté": 0,
            "Réponses": [
                "Ubiquité",
                "Ubicuité",
                "Hubiquité",
                "Ubicuitté"
            ]
        },
        {
            "Intitulé": "Laquel de ces marques de voiture est Allemande ?",
            "Difficulté": 0,
            "Réponses": [
                "Opel",
                "Peugeot",
                "Skõda",
                "Alpha-Roméo"
            ]
        },
        {
            "Intitulé": "Lequel des ces films parle de voiture ?",
            "Difficulté": 0,
            "Réponses": [
                "Cars",
                "Toy Story",
                "Oui Oui",
                "Pokémon"
            ]
        },
        {
            "Intitulé": "Quel est le monument français le plus vieux parmi ceux-ci ?",
            "Difficulté": 0,
            "Réponses": [
                "Notre-Dame",
                "la Tour Eiffel",
                "l'Arc de Triomphe",
                "la Tour Silex 2"
            ]
        },
        {
            "Intitulé": "Lequel de ces acteurs joue dans le film \"Les Tuches\" ?",
            "Difficulté": 0,
            "Réponses": [
                "Jean-Paul Rouve",
                "Jean Dujardin",
                "Franck Dubosc",
                "Kad Merad"
            ]
        },
        {
            "Intitulé": "En quel année à débuté le Coronavirus ?",
            "Difficulté": 0,
            "Réponses": [
                "2019",
                "2020",
                "2018",
                "2021"
            ]
        },
        {
            "Intitulé": "Lequel de ces Président a aboli l'esclavage au état-unis ?",
            "Difficulté": 0,
            "Réponses": [
                "Abraham Lincoln",
                "George Washington",
                "John Kennedy",
                "Barack Obama"
            ]
        },
        {
            "Intitulé": "Quel est le mois le plus court de l'année ?",
            "Difficulté": 0,
            "Réponses": [
                "Février",
                "Mars",
                "Juin",
                "Septembre"
            ]
        },
        {
            "Intitulé": "Lequel de ces hommes est le plus grand en taille ?",
            "Difficulté": 0,
            "Réponses": [
                "Paul Pogba",
                "Emmanuel Macron",
                "Daniel Balavoine",
                "Jean Jaurès"
            ]
        },
        {
            "Intitulé": "À quel âge est mort Johnny Halliday ?",
            "Difficulté": 0,
            "Réponses": [
                "74 ans",
                "76 ans",
                "69 ans",
                "77 ans"
            ]
        },
        {
            "Intitulé": "Quel est le roi français assassiné par Ravaillac ?",
            "Difficulté": 0,
            "Réponses": [
                "Henri IV",
                "Henri III",
                "Louis XII",
                "Phillipe VII"
            ]
        },
        {
            "Intitulé": "Lequel des ces acteurs est français ?",
            "Difficulté": 0,
            "Réponses": [
                "Coluche",
                "Charlie Chaplin",
                "Liam Nesson",
                "Antonio Banderas"
            ]
        },
        {
            "Intitulé": "Lequel de ces joueurs de football est Canadien ?",
            "Difficulté": 0,
            "Réponses": [
                "Jonathan David",
                "Timoty Weah",
                "Mohamed Salah",
                "Maxence Caqueret"
            ]
        },
        {
            "Intitulé": "Quel est la plus grande plateforme de streaming au monde ?",
            "Difficulté": 0,
            "Réponses": [
                "Twitch",
                "Linux",
                "Youtube",
                "Firefox"
            ]
        },
        {
            "Intitulé": "Quel est le record du monde de vitesse au 100m ?",
            "Difficulté": 0,
            "Réponses": [
                "9s58",
                "8s56",
                "9s62",
                "9s47"
            ]
        },
        {
            "Intitulé": "En quel anné la France à gagné sa première coupe du monde ?",
            "Difficulté": 0,
            "Réponses": [
                "1998",
                "1994",
                "2006",
                "2018"
            ]
        },
        {
            "Intitulé": "En qu'elle année est sortie l'album Hélène de Roch Voisine ?",
            "Difficulté": 0,
            "Réponses": [
                "1989",
                "1977",
                "1980",
                "2001"
            ]
        },
        {
            "Intitulé": "Qu'elle est l'animal le plus rapide du monde en pointe ?",
            "Difficulté": 0,
            "Réponses": [
                "Guépard",
                "Panthere",
                "Jaguar",
                "Antilope"
            ]
        },
        {
            "Intitulé": "Laquelle de ces peintures est de Johannes Vermeer ?",
            "Difficulté": 0,
            "Réponses": [
                "La jeune fille à la perle",
                "Danaé",
                "Le déjeuner sur l'herbe",
                "La nuit étoilée"
            ]
        },
        {
            "Intitulé": "Qui à peint le Tableau \"Les Coquelicots\" ?",
            "Difficulté": 0,
            "Réponses": [
                "Claude Monet",
                "Vincent Van Gogh",
                "Paul Cézanne",
                "Picasso"
            ]
        },
        {
            "Intitulé": "Quel pays à fini premier aux Jeux Olympiques de 2020 ?",
            "Difficulté": 0,
            "Réponses": [
                "les États-Unis",
                "la Chine",
                "l'Australie",
                "la France"
            ]
        },
        {
            "Intitulé": "Quel est la ville la plus peuplé du monde ?",
            "Difficulté": 0,
            "Réponses": [
                "Tokyo",
                "Londres",
                "Jakarta",
                "New York"
            ]
        },
        {
            "Intitulé": "Quel est le youtubeur qui à le plus d'abonnés au monde ?",
            "Difficulté": 0,
            "Réponses": [
                "PewDiePie",
                "MrBeast",
                "Technoblade",
                "Squeezie"
            ]
        },
        {
            "Intitulé": "Laquelle de ces marques de mode n'est pas Française ?",
            "Difficulté": 0,
            "Réponses": [
                "Calvin Klein",
                "Dior",
                "Hermès",
                "Yves Saint Laurent"
            ]
        },
        {
            "Intitulé": "Laquelle de ces nation n'a jamais remportée la coupe du monde de rugby ?",
            "Difficulté": 0,
            "Réponses": [
                "France",
                "Angleterre",
                "Afrique du Sud",
                "Nouvelle-Zelande"
            ]
        },
        {
            "Intitulé": "Qu'elle est la plus grande puissance militaire de l'union Européenne ?",
            "Difficulté": 0,
            "Réponses": [
                "la France",
                "la Russie",
                "l'Allemagne",
                "l'Italie"
            ]
        },
        {
            "Intitulé": "Quel est le manga le plus lu au monde ?",
            "Difficulté": 0,
            "Réponses": [
                "One Piece",
                "Dragon Ball Z",
                "The Promised Neverland",
                "l'Attaque des Titans"
            ]
        },
        {
            "Intitulé": "Quel est le sport de prédilection de la Pologne ?",
            "Difficulté": 0,
            "Réponses": [
                "le Volleyball",
                "le Baseball",
                "le Rugby",
                "le Saut à la Perche"
            ]
        },
        {
            "Intitulé": "De quel pays viens la machine à vapeur ?",
            "Difficulté": 0,
            "Réponses": [
                "l'Écosse",
                "l'Irelande du Nord",
                "l'Angleterre",
                "la Norvège"
            ]
        },
        {
            "Intitulé": "Qui a prouvé que la terre est ronde ?",
            "Difficulté": 0,
            "Réponses": [
                "Galilée",
                "Voltaire",
                "Giordano Bruno",
                "Magellan"
            ]
        },
        {
            "Intitulé": "Qu'elle est le prénom de Van Gogh ?",
            "Difficulté": 0,
            "Réponses": [
                "Vincent",
                "Vinci",
                "Victor",
                "Victoire"
            ]
        },
        {
            "Intitulé": "Où se situe les \"Tours Petronas\" ?",
            "Difficulté": 0,
            "Réponses": [
                "Kuala Lumpur",
                "Shanghai",
                "Ho-Chi-Minh-City",
                "Bangkok"
            ]
        },
        {
            "Intitulé": "Comment s'appelle le fondateur d'Amazon ?",
            "Difficulté": 0,
            "Réponses": [
                "Jeff Bezos",
                "Larry Page",
                "Jack Ma",
                "Bill Gates"
            ]
        },
        {
            "Intitulé": "En quelle année Eiichiro Oda prévoyait-il de finir \"One Piece\" à l'origine ?",
            "Difficulté": 0,
            "Réponses": [
                "2002",
                "2008",
                "2015",
                "2021"
            ]
        },
        {
            "Intitulé": "Qu'elle est l'animal/insecte qui tue le plus d'être d'humain ?",
            "Difficulté": 0,
            "Réponses": [
                "Moustique",
                "Requin",
                "Fourmis",
                "Chien"
            ]
        },
        {
            "Intitulé": "Qu'elle acteur interprète le premier rôle du film Inception ?",
            "Difficulté": 0,
            "Réponses": [
                "Leonardo di Caprio",
                "Tom Hanks",
                "Robert Downey Jr",
                "Brad Pitt"
            ]
        },
        {
            "Intitulé": "De qu'elle studio de jeu vidéo proviens la licence des jeux Just Dance ?",
            "Difficulté": 0,
            "Réponses": [
                "Ubisoft",
                "Activision-Blizzard",
                "Bethesda",
                "Rockstar Game"
            ]
        },
        {
            "Intitulé": "D'où vient le volcan Krakatoa ?",
            "Difficulté": 0,
            "Réponses": [
                "Indonesie",
                "Indes",
                "Sri Lanka",
                "Italie"
            ]
        },
        {
            "Intitulé": "En qu'elle année à eu lieu la bataille d'Alésia ?",
            "Difficulté": 0,
            "Réponses": [
                "-52",
                "23",
                "-340",
                "-46"
            ]
        }
    ]
}